class,_llseek,access,bind,brk,chmod,clock_gettime,clone,close,connect,dup,epoll_create1,epoll_ctl,epoll_pwait,epoll_wait,eventfd2,exit_group,faccessat,fchmod,fchmodat,fchown32,fcntl,fcntl64,fdatasync,flock,fork,fstat,fstat64,fstatat64,fsync,ftruncate,futex,getdents64,geteuid,geteuid32,getpid,getppid,getpriority,getrlimit,getsockname,getsockopt,gettid,gettimeofday,getuid,getuid32,inotify_init1,ioctl,ipc_subcall,kill,lseek,lstat64,madvise,mkdir,mkdirat,mmap,mmap2,mprotect,mremap,msgget,munmap,nanosleep,newfstatat,open,openat,pipe,pipe2,pivot_root,poll,ppoll,prctl,pread,pread64,pwrite,pwrite64,read,readlink,readlinkat,recv,recvfrom,rename,renameat,rt_sigaction,rt_sigprocmask,rt_sigreturn,sched_setscheduler,sched_yield,semget,semop,sendmsg,sendto,setpriority,setrlimit,setsockopt,sigprocmask,socket,socketpair,stat64,statfs,statfs64,ugetrlimit,umask,unlink,unlinkat,wait4,write,writev
0,72,183,0,16,21,17568,4,708,0,294,0,525,0,2650,0,0,0,0,0,93,0,972,15,0,0,0,387,0,1,0,1948,0,0,0,2094,0,0,0,0,0,0,764,0,2591,0,7277,0,0,6,1,12,2,0,0,217,1962,0,0,203,0,0,141,0,0,0,0,0,0,0,0,402,0,30,3663,0,0,0,12498,0,0,0,0,0,0,0,0,0,0,7172,0,0,0,234,0,0,234,0,1,0,186,2,0,0,3867,1003
0,24,25,0,79,4,59790,38,637,0,79,0,110,0,6126,0,0,0,0,0,0,0,68,0,2,0,0,258,0,0,0,6955,0,0,0,8116,0,0,2,0,0,29,1650,0,6218,0,4725,0,0,24,30,73,1,0,0,441,1337,0,0,317,0,0,568,0,0,0,0,1,0,12,0,27,0,0,30346,1,0,0,10141,0,0,0,0,0,0,1,0,0,0,6649,16,1,0,71,0,1,77,0,0,0,0,0,0,0,32405,1020
0,0,24,0,157,0,30660,16,345,0,108,0,135,0,4199,0,0,0,0,0,0,0,69,0,0,0,0,139,0,0,0,3080,0,0,0,3875,0,0,1,0,0,5,857,0,3786,0,5038,0,0,0,0,30,0,0,0,154,830,0,0,121,0,0,148,0,0,0,0,0,0,7,0,76,0,0,6655,1,0,0,11072,0,0,0,0,0,0,1,0,0,0,6763,12,1,0,186,0,1,20,0,0,0,0,0,0,0,4426,834
0,9,49,0,200,0,70033,31,753,0,120,0,204,0,7941,0,0,0,0,0,10,0,184,10,0,0,0,340,0,0,0,9096,0,0,0,9320,0,0,0,0,0,12,1551,0,8172,0,6342,0,0,0,0,84,0,0,0,553,667,0,0,469,1,0,562,0,0,0,0,0,0,7,0,266,0,22,35089,0,0,0,10623,0,0,0,0,0,0,1,0,0,0,6878,24,0,0,310,0,0,90,0,0,0,20,0,0,0,33124,1216
0,0,2,0,3,0,51100,2,390,0,111,0,149,0,5001,0,0,0,0,0,0,0,76,0,0,0,0,146,0,0,0,6585,0,0,0,6946,0,0,0,0,0,7,1544,0,4900,0,4928,0,0,0,0,19,0,0,0,380,407,0,0,271,1,0,282,0,0,0,0,0,0,2,0,38,0,0,37688,0,0,0,9781,0,0,0,0,0,0,1,0,0,0,6338,2,0,0,146,0,0,24,0,0,0,0,0,0,0,42979,1060
0,3,59,0,71,0,79692,58,1180,0,142,0,202,0,8582,0,0,0,0,0,0,0,102,0,0,0,0,651,0,0,0,9654,0,0,0,9858,0,0,0,0,0,30,2029,0,8855,0,7527,0,0,0,0,176,0,0,0,777,649,0,0,704,4,0,940,0,0,0,0,0,0,12,0,365,0,0,32587,0,0,0,10850,0,0,0,0,0,0,1,0,0,0,6886,52,0,0,336,0,0,64,0,0,0,0,0,0,0,25479,1633
0,0,0,0,15,0,39443,1,488,0,169,0,274,0,3910,0,0,0,0,0,0,0,141,0,0,0,0,98,0,0,0,3788,0,0,0,5155,0,0,0,0,0,3,1109,0,4157,0,4580,0,0,0,0,1,0,0,0,74,684,0,0,92,0,0,130,0,0,0,0,0,0,0,0,13,0,0,29136,0,0,0,9204,0,0,0,0,0,0,0,0,0,0,5996,1,0,0,51,0,0,0,0,0,0,0,0,0,0,32887,1114
0,54,4,0,5,1,25388,0,654,0,325,0,462,0,3803,0,0,0,0,0,0,0,274,0,0,0,0,16,0,0,0,1102,0,0,0,3382,0,0,0,0,0,0,4,0,3425,0,7166,0,0,6,0,3,2,0,0,88,1358,0,0,84,0,0,6,0,0,0,0,0,0,0,0,34,0,0,3223,0,0,0,12691,0,0,0,0,0,0,0,0,0,0,6881,0,0,0,196,0,0,11,0,0,0,0,0,0,0,4535,834
0,0,0,0,0,0,50,9,66,0,31,0,19,2741,0,0,0,4,0,0,0,8,0,0,0,0,2,0,0,0,0,404,0,0,0,0,0,0,0,0,0,0,0,2677,0,0,1296,0,0,0,0,25,0,0,66,0,18,0,0,23,0,22,0,29,0,0,0,0,0,9,13,0,0,0,150,0,0,0,1099,0,0,0,8,0,0,209,0,0,0,902,0,0,0,0,0,0,0,0,0,0,0,0,0,0,223,153
0,0,0,0,0,0,184,27,366,0,55,0,88,3482,0,0,0,31,0,3,0,197,0,19,0,0,199,0,0,0,1,506,2,26,0,0,0,0,1,0,0,0,0,3214,0,1,2318,0,0,64,0,208,0,2,589,0,539,0,0,308,0,361,0,272,0,0,0,0,0,80,506,0,84,0,717,0,8,0,2027,0,0,0,261,1,0,3,0,0,2,1396,0,0,0,0,0,1,0,0,0,0,0,0,0,0,813,640
0,0,0,0,0,0,116,14,85,0,33,0,38,2242,0,0,0,3,0,0,0,20,0,0,0,0,0,0,0,0,0,389,0,0,0,0,0,1,1,0,0,0,0,2306,0,0,1577,0,0,0,0,42,0,0,101,0,23,0,0,42,0,25,0,41,0,0,0,0,0,7,63,0,0,0,267,0,1,0,1576,0,0,0,46,0,0,80,0,0,7,1428,0,0,0,0,0,1,0,0,0,0,0,0,0,0,330,494
0,0,0,0,0,0,6,12,170,0,51,0,72,1520,0,0,0,1,0,0,0,39,0,0,0,0,35,0,0,0,0,304,1,0,0,0,0,0,0,0,0,0,0,1600,0,0,1352,0,0,55,0,161,0,1,343,0,359,0,0,293,0,117,0,88,0,0,0,0,0,81,347,0,0,0,312,0,4,0,1084,0,0,0,42,0,0,0,0,0,1,862,2,0,0,0,0,2,0,0,0,0,0,0,0,0,491,629
0,0,0,0,0,0,19,12,198,0,32,0,48,2223,0,0,0,0,0,0,0,28,0,0,0,0,0,0,0,0,0,483,0,0,0,0,0,8,0,0,0,0,0,2220,0,0,1289,0,0,0,0,87,0,0,531,0,21,0,0,251,0,1,0,137,0,0,0,0,0,12,688,0,0,0,316,0,1,0,1721,0,0,0,549,16,0,92,0,0,0,1345,0,0,0,0,0,1,0,0,0,0,0,0,0,0,478,267
0,0,0,0,0,0,173,13,184,0,53,0,69,2778,0,0,0,15,0,0,0,93,0,8,0,0,72,0,0,0,0,263,0,13,0,0,0,0,0,0,0,0,0,2200,0,0,2068,0,0,6,0,253,0,0,224,0,23,0,0,131,0,107,0,76,0,0,0,0,0,12,218,0,51,0,434,0,1,0,2328,0,0,0,35,0,0,42,0,0,4,1974,0,0,0,0,0,2,0,0,0,0,0,0,0,0,543,592
0,0,0,0,0,0,0,9,97,0,31,1,20,1382,0,1,0,2,0,1,0,15,0,0,0,0,32,0,0,0,0,168,3,0,0,0,0,0,1,0,0,0,0,733,0,0,566,0,0,55,0,48,0,2,286,0,391,0,0,222,0,19,0,92,0,0,0,0,0,117,163,0,0,0,242,0,3,0,2295,0,0,0,9,0,0,7,0,0,0,586,2,1,0,0,0,1,0,0,0,0,0,0,0,0,214,261
0,0,0,0,0,0,6,3,93,0,42,0,73,1016,0,0,0,0,0,0,0,39,0,0,0,0,0,0,0,0,0,64,2,0,0,0,0,1,0,0,0,0,0,868,0,0,872,0,0,0,0,26,0,0,86,0,8,0,0,74,0,0,0,8,0,0,0,0,0,8,127,0,0,0,231,0,0,0,1669,0,0,0,43,1,0,31,0,0,0,1520,0,0,0,0,0,0,0,0,0,0,0,0,0,0,556,241
0,0,0,0,0,0,98,29,208,0,30,0,23,2600,0,0,0,8,0,1,0,41,0,0,0,0,55,0,0,0,0,328,5,0,0,0,0,0,2,0,0,0,0,2683,0,1,1049,0,0,81,0,109,0,2,470,0,557,0,0,243,0,425,0,154,0,0,0,0,0,105,16059,0,0,0,228,0,10,0,852,0,0,0,713,0,0,1,0,0,0,701,2,0,0,0,0,1,0,0,0,0,0,0,0,0,219,240
0,0,0,0,0,0,23,7,146,0,56,0,119,1919,0,0,0,0,0,0,0,58,0,0,0,0,0,0,0,0,0,159,0,0,0,0,0,3,0,0,0,0,0,1647,0,0,1136,0,0,0,0,87,0,0,128,0,15,0,0,108,0,9,0,20,0,0,0,0,0,4,203,0,0,0,353,0,0,0,2271,0,0,0,599,1,0,55,0,0,0,2003,0,0,0,0,0,0,0,0,0,0,0,0,0,0,662,246
0,0,0,0,0,0,0,0,99,0,52,0,39,2424,0,0,0,0,0,0,0,13,0,0,0,0,0,0,0,0,0,385,0,0,0,0,0,0,0,0,0,0,0,2400,0,0,891,0,0,0,0,94,0,0,47,0,1,0,0,30,0,0,0,7,0,0,0,0,0,1,15,0,0,0,262,0,0,0,1564,0,0,0,34,0,0,57,0,0,0,1315,0,0,0,0,0,0,0,0,0,0,0,0,0,0,334,598
0,0,0,0,0,0,19,11,112,0,7,6,32,266,0,0,0,2,0,0,0,26,0,0,50,0,24,0,0,0,6,115,0,0,0,0,0,5,0,0,0,0,0,251,0,0,437,0,0,0,0,12,0,1,184,0,30,0,0,188,0,24,0,70,0,9,0,0,0,3,219,0,0,0,107,0,0,0,821,0,0,0,47,0,0,50,0,0,0,691,0,0,0,0,0,0,0,1,0,0,0,0,0,0,274,291
0,0,0,0,0,0,132,45,274,0,60,0,51,2466,0,0,0,6,0,1,0,46,0,0,0,0,39,0,0,0,0,346,1,0,0,0,0,0,1,0,0,0,0,2376,0,1,2261,0,0,67,0,134,0,1,481,0,508,0,0,255,0,335,0,180,0,0,0,0,0,73,288,0,0,0,462,0,9,0,1533,0,0,0,141,0,0,1,0,0,4,1179,2,0,0,0,0,1,0,0,0,0,0,0,0,0,506,531
0,3,0,0,0,0,11697,12,218,0,43,0,45,2170,0,0,0,1,0,0,0,0,23,0,0,0,0,3,126,0,0,298,2,0,0,0,0,10,0,0,0,0,60,0,2304,0,1530,0,0,0,0,84,0,1,0,505,92,0,0,308,0,0,0,172,0,0,0,0,0,11,0,576,0,0,336,0,1,0,1545,0,0,0,118,0,0,0,0,0,0,1458,2,1,0,0,0,1,0,0,0,2,0,0,0,0,427,576
0,0,0,0,0,0,5,15,97,0,24,0,29,2302,0,0,0,1,0,0,0,30,0,0,0,0,35,0,0,0,0,437,2,0,0,0,0,3,1,0,0,0,0,2239,0,0,663,0,0,56,0,85,0,1,149,0,357,0,0,100,0,79,0,62,0,0,0,0,0,63,42,0,0,0,286,0,4,0,1187,0,0,0,3,1,0,57,0,0,0,954,2,0,0,0,0,2,0,0,0,0,0,0,0,0,328,366
0,0,0,0,0,0,40,15,184,0,43,0,48,1126,0,0,0,10,0,0,0,68,0,5,0,0,44,0,0,0,0,251,6,7,0,0,0,0,0,0,0,0,0,1192,0,1,1225,0,0,17,0,101,0,0,385,0,194,0,0,222,0,276,0,120,0,0,0,0,0,37,52240,0,19,0,172,0,4,0,682,0,0,0,289,0,0,100,0,0,1,586,0,0,0,0,0,1,0,0,0,0,0,0,1,0,285,674
0,0,0,0,0,0,14,29,292,0,9,0,38,4108,0,0,0,19,0,3,0,74,0,0,93,0,75,0,0,1,9,461,52,1,0,0,0,0,0,0,0,0,0,2779,0,0,1392,0,0,37,0,99,0,4,320,0,126,0,0,156,0,159,0,218,0,0,0,0,0,26,137,0,0,0,948,0,2,0,3169,0,0,0,49,0,0,384,0,0,0,3014,0,0,0,0,0,1,0,0,0,0,0,0,1,0,681,360
0,0,0,0,0,0,148,31,204,0,39,0,55,1468,0,0,0,16,0,1,0,40,0,0,0,0,54,0,0,0,0,232,3,0,0,0,0,0,1,0,0,0,0,1352,0,1,1862,0,0,68,0,68,0,6,403,0,532,0,0,226,0,342,0,124,0,0,0,0,0,98,243,0,0,0,468,0,7,0,2249,0,0,2,470,0,0,15,0,0,1,1967,2,0,0,0,0,1,0,0,0,0,0,0,0,0,1255,1677
0,0,0,0,0,0,109,39,276,0,65,0,29,4032,0,0,0,6,0,1,0,37,0,0,0,0,39,0,0,0,0,621,2,0,0,0,0,0,0,0,0,0,0,4028,0,1,1805,0,0,61,0,134,0,2,483,0,507,0,0,223,0,312,0,211,0,0,0,0,0,67,246,0,0,0,473,0,6,0,1167,0,0,0,108,1,0,1,0,0,0,860,1,0,0,0,0,1,0,0,0,0,0,0,0,0,468,499
0,0,0,0,0,0,44,16,131,0,48,0,66,2654,0,0,0,4,0,0,0,46,0,0,0,0,13,0,0,0,0,335,0,0,0,0,0,0,1,0,0,0,0,2600,0,1,1211,0,0,22,0,201,0,0,162,0,215,0,0,52,0,258,0,70,0,0,0,0,0,8,75,0,0,0,271,0,5,0,1440,0,0,0,10,0,0,1,0,0,2,1338,0,0,0,0,0,0,0,0,0,0,0,0,0,0,243,500
0,15,1090,0,1630,65,48766,111,1537,0,127,0,181,0,5647,0,0,0,0,0,523,0,3932,140,0,0,0,2417,0,5,7,15370,0,0,0,6234,0,4,0,0,0,7,3784,0,6288,0,10172,0,1,6,59,288,0,0,0,1070,1569,0,0,807,7,0,1394,0,0,0,0,0,0,42,0,1709,0,499,46634,0,0,0,8961,5,0,0,0,0,0,1,0,0,0,5551,46,0,0,1407,0,0,1182,0,0,0,1046,5,0,0,35643,916
0,0,0,0,30,0,25419,8,735,0,253,0,505,0,4142,0,0,0,0,0,0,0,253,0,0,0,0,229,0,0,0,1258,0,0,0,3237,0,0,0,0,0,0,103,0,3882,0,14460,0,0,0,0,46,0,0,0,406,734,0,0,390,0,0,229,0,0,0,0,0,0,3,0,387,0,0,6512,0,0,0,15922,0,0,0,0,0,0,0,0,0,0,9191,0,0,0,288,0,0,54,0,0,0,0,0,0,0,4756,1002
0,0,21,0,23,1,1602,3,68,0,15,0,16,0,214,0,0,0,0,0,0,0,7,0,0,0,0,14,0,1,0,226,0,0,0,250,0,0,0,0,0,0,29,0,193,0,312,0,1,0,1,17,0,0,0,84,83,0,0,80,0,0,45,0,0,0,0,0,0,5,0,36,0,0,1022,0,0,0,556,0,0,0,0,0,0,0,0,0,0,332,3,0,0,90,0,0,5,0,0,0,0,0,0,0,1250,25
0,0,0,0,0,0,409,16,91,0,30,1,48,1197,0,1,0,3,0,1,0,19,0,0,0,0,14,0,0,0,0,210,0,0,0,0,1,5,1,0,0,0,0,1304,0,0,1932,0,0,20,0,53,0,0,150,0,73,0,0,108,0,39,0,39,0,0,0,0,0,39,104,0,0,0,285,0,2,0,1770,0,0,0,47,0,0,1,0,0,3,1544,2,0,0,0,0,1,0,0,0,0,0,0,0,0,536,836
0,0,52,0,22,20,47641,7,419,0,104,0,110,0,5066,0,0,0,0,0,0,0,56,0,0,0,0,231,0,20,0,3989,0,0,0,5696,0,0,0,0,0,5,1197,0,5313,0,3412,0,0,0,20,313,0,0,0,409,235,0,0,399,5,0,211,0,0,0,0,0,0,168,0,182,0,0,5761,0,0,0,9769,19,0,0,0,0,0,1,0,0,0,6298,5,0,0,595,0,0,44,0,0,0,0,19,0,0,3943,1015
0,0,13,0,7,0,64993,27,600,0,92,0,121,0,6513,0,0,0,0,0,0,0,61,0,0,0,0,218,0,0,0,8522,0,0,0,7631,0,0,0,0,0,19,2311,0,6374,0,5018,0,0,0,0,54,0,0,0,358,291,0,0,289,2,0,479,0,0,0,0,0,0,2,0,28,0,0,56576,0,0,0,9649,0,0,0,0,0,0,1,0,0,0,5211,17,0,0,124,0,0,42,0,0,0,0,0,0,0,60576,999
0,0,9,0,988,0,8265,26,162,0,63,0,93,0,1090,0,0,0,0,0,0,0,59,0,0,0,0,31,0,0,0,1246,0,0,0,929,0,0,2,0,0,14,164,0,1161,0,1508,0,1,0,7,368,0,0,0,563,381,0,0,266,0,0,48,0,0,0,0,0,0,286,0,218,0,0,1283,1,0,0,3573,0,0,0,0,0,0,1,0,0,0,2280,8,1,0,1403,0,1,61,0,0,0,0,0,0,0,2019,341
0,0,0,0,0,0,0,1,568,0,278,0,393,8251,0,0,0,0,0,0,0,278,0,0,0,0,0,0,0,0,0,4458,2,0,0,0,0,0,0,0,0,0,0,5524,0,0,10609,0,0,0,0,73,0,0,205,0,5,0,0,165,0,56,0,22,0,0,0,0,0,27,312,0,0,0,2418,0,0,0,19493,0,0,0,87,0,0,56,0,0,0,9526,0,0,0,0,0,0,0,0,0,0,0,0,0,0,5268,1518
0,0,0,0,0,0,32,11,202,0,102,0,121,7587,0,0,0,0,0,0,0,67,0,0,0,0,0,0,0,0,0,7441,0,0,0,0,0,0,2,0,0,0,0,7912,0,0,5325,0,0,0,0,101,0,0,345,0,18,0,0,251,0,45,0,122,0,0,0,0,0,20,448,0,0,0,371,0,1,0,10606,0,0,0,174,0,0,0,0,0,12,6490,0,1,0,0,0,2,0,0,0,0,0,0,0,0,4314,2945
0,0,48,0,607,20,15970,107,347,0,133,0,264,0,3403,0,0,0,0,0,0,0,133,0,0,8,0,72,0,0,0,4057,0,0,0,2998,0,36,0,0,0,33,157,0,3539,0,4284,0,0,0,0,258,0,0,0,801,620,0,0,401,3,0,33,0,32,0,0,0,0,13,0,574,0,0,2088,0,0,0,11618,0,0,0,0,0,57,3,0,0,0,7247,68,0,0,2949,0,0,32,0,0,0,0,0,0,0,3235,597
0,0,14,0,3,7,10805,31,109,0,51,0,103,0,2937,0,0,0,0,0,0,0,51,0,0,0,0,14,0,7,0,386,0,0,0,1147,0,0,0,0,0,0,45,0,1331,0,3307,0,0,0,7,70,0,0,0,97,488,0,0,35,0,0,7,0,0,0,0,0,0,2,0,33,0,0,612,0,0,0,11377,7,0,0,0,0,0,0,0,0,0,7008,0,0,0,60,0,0,97,0,0,0,0,7,0,0,710,509
0,111,37,0,1,0,11936,4,29,0,13,0,17,0,2448,0,0,0,0,0,0,0,11,0,0,0,0,1,0,0,0,523,0,0,0,945,0,0,0,0,0,0,3,0,1036,0,4008,0,0,0,0,45,0,0,0,189,210,0,0,104,0,0,38,0,0,0,0,0,0,12,0,129,0,0,1177,0,0,0,8152,0,0,0,0,0,0,0,0,0,0,4547,0,0,0,294,0,0,234,0,0,0,0,0,0,0,1501,70
0,27,66,0,133,5,51032,60,660,0,132,0,195,0,6008,0,0,0,0,0,0,0,109,0,2,0,0,327,0,0,0,7393,0,0,0,6114,0,0,2,0,0,28,1277,0,6177,0,6475,0,0,24,30,165,2,0,0,477,1774,0,0,336,2,0,466,0,0,0,0,1,0,30,0,178,0,0,23419,1,0,0,13476,0,0,0,0,0,0,2,0,0,0,8541,36,1,0,436,0,1,97,0,0,0,0,0,0,0,17396,794
0,0,0,0,72,0,15221,2,37,0,17,0,27,0,1253,0,0,0,0,0,0,0,17,0,0,0,0,9,0,0,0,269,0,0,0,935,0,0,0,0,0,0,5,0,973,0,4528,0,0,0,0,24,0,0,0,123,256,0,0,110,0,0,9,0,0,0,0,0,0,5,0,105,0,0,2532,0,0,0,8922,0,0,0,0,0,0,0,0,0,0,4981,0,0,0,323,0,0,20,0,0,0,0,0,0,0,3678,111
0,6,89,0,87,27,18791,19,619,0,292,0,396,0,3273,0,1,0,0,0,0,0,210,0,0,0,0,73,0,27,0,1653,0,0,0,3143,0,6,0,0,0,0,53,0,3809,0,8077,0,0,0,89,144,0,0,0,926,643,0,0,871,1,0,46,0,0,0,0,0,0,19,0,780,0,0,4496,0,0,0,10709,27,0,0,0,0,0,1,0,0,0,6595,0,0,0,1672,0,0,123,0,0,0,0,27,0,0,5107,1234
0,0,8,0,48,1,23465,26,529,0,244,0,438,0,3617,0,0,0,0,0,0,0,244,0,0,0,0,46,0,0,0,1905,0,0,0,2864,0,0,1,0,0,11,383,0,3447,0,7167,0,0,0,7,41,1,0,0,333,811,0,0,300,0,0,49,0,0,0,0,0,0,2,0,297,0,0,2660,1,0,0,12624,0,0,0,0,0,0,1,0,0,0,7445,13,0,0,358,0,1,45,0,0,0,0,0,0,0,3925,659
0,0,0,0,0,0,130,25,218,0,49,0,32,2358,0,0,0,34,0,11,0,118,0,20,0,0,163,0,0,8,0,384,2,14,0,0,0,0,0,0,0,0,0,2359,0,1,1559,0,0,109,0,111,0,3,399,0,521,0,0,215,0,416,0,188,0,0,0,0,0,79,272,0,44,0,361,0,8,0,1215,0,7,0,89,0,0,30,0,0,2,1089,0,0,0,0,0,1,0,1,0,0,0,0,8,0,341,526
0,0,0,0,0,0,0,0,79,0,29,0,68,878,0,0,0,0,0,0,0,28,0,0,0,0,0,0,0,0,0,7,0,0,0,0,0,0,0,0,0,0,0,787,0,0,1727,0,0,0,0,114,0,0,67,0,6,0,0,52,0,0,0,12,0,0,0,0,0,2,94,0,0,0,1915,0,0,0,897,0,0,0,50,0,0,0,0,0,0,749,0,0,0,0,0,0,0,0,0,0,0,0,0,0,1139,325
0,0,0,0,0,0,24,4,189,0,42,0,94,741,0,0,0,16,0,1,0,132,0,10,0,0,105,0,0,0,0,125,0,18,0,0,0,4,0,0,0,0,0,702,0,0,911,0,0,0,0,56,0,0,206,0,9,0,0,152,0,61,0,85,0,0,0,0,0,5,296,0,59,0,179,0,0,0,1534,0,0,0,105,1,0,0,0,0,0,1353,0,0,0,0,0,0,0,0,0,0,0,0,0,0,408,263
0,0,0,0,0,0,83,22,200,0,21,0,61,674,0,0,0,13,0,2,0,88,0,2,0,0,83,0,0,1,0,475,2,12,0,0,0,2,0,0,4,0,0,685,0,0,776,0,0,0,0,132,0,0,436,0,27,1,0,310,0,49,0,129,0,0,0,0,0,22,549,0,24,0,108,0,1,0,1220,0,2,0,180,11,0,169,0,0,0,1084,0,0,0,0,2,0,0,0,0,0,0,0,2,0,1569,850
0,0,0,0,0,0,3,9,79,0,24,0,26,3807,0,0,0,0,0,0,0,23,0,0,0,0,12,0,0,0,0,573,0,0,0,0,0,0,0,0,0,0,0,3610,0,0,717,0,0,19,0,91,0,0,111,0,191,0,0,49,0,227,0,44,0,0,0,0,0,11,59,0,0,0,166,0,4,0,1568,0,0,0,8,0,0,73,0,0,0,1048,0,0,0,0,0,0,0,0,0,0,0,0,0,0,337,95
0,0,0,0,0,0,13,4,121,0,8,0,13,143,0,0,0,0,0,0,0,7,0,0,0,0,0,0,0,0,0,48,0,0,0,0,0,1,0,0,0,0,0,187,0,0,393,0,0,0,0,11,0,0,150,0,8,0,0,40,0,9,0,98,0,0,0,0,0,2,76,0,0,0,21,0,0,0,141,0,0,0,31,0,0,0,0,0,0,112,0,0,0,0,0,0,0,0,0,0,0,0,0,0,51,71
0,0,1,0,24,0,1908,4,36,0,20,0,35,0,307,0,0,0,0,0,0,0,19,0,0,0,0,1,0,0,0,397,0,0,0,207,0,0,0,0,0,0,11,0,261,0,772,0,1,0,0,23,0,0,0,81,178,0,0,71,0,0,1,0,0,0,0,0,0,1,0,70,0,0,235,0,0,0,1120,0,0,0,0,0,0,0,0,0,0,633,0,0,0,204,0,0,10,0,0,0,0,0,0,0,437,93
0,0,0,0,0,0,57250,2,258,0,94,0,178,915,0,0,0,63,0,1,0,0,319,75,0,0,0,226,108,1,0,1018,0,0,45,0,0,0,0,0,1,0,184,0,25336,0,34892,0,0,0,0,63,0,0,0,107,8,0,0,96,0,0,0,71,0,0,0,0,0,16,0,233,0,225,299,0,0,0,3715,0,1,0,9,1,0,0,0,0,0,2027,0,0,0,0,0,0,0,0,0,0,0,0,1,0,875,345
0,0,50,0,10,5,890,2,84,0,25,0,29,0,167,0,0,0,0,0,25,0,200,0,0,0,0,100,0,0,0,153,0,0,0,195,0,0,0,0,0,0,165,0,154,0,377,0,1,0,0,27,0,0,0,43,74,0,0,38,0,0,35,0,0,0,0,0,0,5,0,87,0,0,96,0,0,0,767,0,0,0,0,0,0,0,0,0,0,453,0,0,0,79,0,0,64,0,0,0,50,0,0,0,186,122
0,0,54,0,20,0,17259,129,456,0,186,0,326,0,3530,0,0,0,0,0,0,0,180,0,0,0,0,64,0,0,0,2321,0,0,0,2728,0,0,0,0,0,0,160,0,3269,0,6526,0,0,0,0,270,0,0,0,573,574,0,0,354,3,0,46,0,0,0,0,0,0,1,0,309,0,0,1869,0,0,0,11787,0,0,0,0,0,0,2,0,0,0,7279,0,0,0,669,0,0,94,0,0,0,0,0,0,0,5030,883
0,0,0,0,0,0,2,19,107,0,63,0,82,3716,0,0,0,0,0,0,0,41,0,0,0,0,0,0,0,0,0,775,0,0,0,0,0,26,0,0,8,0,0,1175,0,0,1869,0,0,0,0,24,0,0,52,0,20,0,0,22,0,6,0,19,0,0,0,0,0,1,44,0,0,0,1219,0,0,0,12876,0,0,0,22,0,0,0,0,0,0,7511,0,0,0,0,0,0,0,0,0,0,0,0,0,0,1582,766
0,3,43,0,97,0,83945,71,1197,0,193,0,253,0,10510,0,0,0,0,0,0,0,133,0,0,0,0,573,0,0,0,8138,0,0,0,11851,0,0,0,0,0,40,1742,0,10842,0,8365,0,0,0,0,123,0,0,0,1061,684,0,0,956,1,0,891,0,0,0,0,0,0,15,0,557,0,0,30357,0,0,0,10040,0,0,0,0,0,0,1,0,0,0,6414,58,0,0,442,0,0,92,0,0,0,0,0,0,0,26281,1547
0,0,83,0,41,2,22404,5,335,0,101,0,192,0,3352,0,0,0,0,0,0,0,96,0,0,0,0,24,0,2,0,1392,0,0,0,2642,0,0,0,0,0,3,347,0,2514,0,5228,0,0,0,2,46,0,0,0,305,563,0,0,296,0,0,135,0,0,0,0,0,0,9,0,169,0,0,7147,0,0,0,12131,1,0,0,0,0,0,0,0,0,0,7370,1,0,0,463,0,0,14,0,1,0,0,1,0,0,8795,826
0,0,2,0,99,0,25420,1,263,0,113,0,213,0,3618,0,0,0,0,0,0,0,111,0,0,0,0,37,0,0,0,1645,0,0,0,2418,0,0,0,0,0,1,71,0,2771,0,6363,0,0,0,0,35,0,0,0,148,519,0,0,138,0,0,37,0,0,0,0,0,0,1,0,135,0,0,10221,0,0,0,15852,0,0,0,0,0,0,1,0,0,0,9098,1,0,0,324,0,0,34,0,0,0,0,0,0,0,5734,526
0,17,20,0,8,1,0,8,21,0,5,0,0,0,0,0,0,0,0,0,0,0,6,0,2,1,0,10,0,0,0,0,6,0,0,85,0,3,0,0,0,0,19,0,19,0,160,1,0,10,1,0,0,0,0,69,479,0,182,46,0,0,22,0,5,0,6,0,0,2,44,0,0,0,576,0,0,660,0,0,0,0,0,0,0,0,15,2,0,0,0,0,0,120,0,0,14,0,0,0,0,1,0,0,7,44
0,3,26,0,17,0,56603,11,436,0,128,0,221,0,5953,0,0,0,0,0,0,0,114,0,0,0,0,152,0,0,0,6376,0,0,0,6600,0,0,0,0,0,12,1670,0,6133,0,4622,0,0,0,0,152,14,0,0,248,474,0,0,205,0,0,221,0,0,0,0,0,0,82,0,58,0,0,22390,0,0,0,11393,0,0,0,0,0,0,2,0,0,0,7207,11,0,0,147,0,0,68,0,0,0,0,0,0,0,62795,1351
0,0,0,0,0,0,13,7,81,0,14,0,36,9299,0,0,0,0,0,0,0,13,0,0,0,0,0,0,0,0,0,132,0,0,0,0,0,2,0,0,0,0,0,3505,0,0,3565,0,0,0,0,22,0,0,78,0,14,0,0,18,0,3,0,48,0,0,0,0,0,9,13,0,0,0,2924,0,0,0,4487,0,0,0,67,0,0,0,0,0,0,1534,0,0,0,0,0,0,0,0,0,0,0,0,0,0,2998,570
0,0,24,0,9,0,20477,12,157,0,78,0,156,0,2859,0,0,0,0,0,0,0,78,0,0,0,0,0,0,0,0,811,0,0,0,2061,0,0,0,0,0,0,8,0,2400,0,5287,0,0,0,0,45,0,0,0,104,181,0,0,80,0,0,0,0,0,0,0,0,0,6,0,74,0,0,2701,0,0,0,13311,0,0,0,0,0,0,0,0,0,0,6745,0,0,0,128,0,0,16,0,0,0,0,0,0,0,4218,592
0,0,5,0,31,3,85621,108,242,0,78,0,139,0,8714,0,0,0,0,0,0,0,70,0,0,0,0,69,0,3,0,11524,0,0,0,9188,0,0,0,0,0,5,2084,0,8543,0,6877,0,0,0,3,346,0,0,0,363,407,0,0,144,0,0,104,0,0,0,0,0,0,14,0,98,0,0,69275,0,0,0,11268,2,0,0,0,0,0,6,0,0,0,5796,12,0,0,267,0,0,15,0,0,0,0,2,0,0,72656,642
0,8,60,0,23,3,0,4,12,0,2,0,0,0,0,0,0,0,0,0,0,0,124,0,2,0,0,78,0,8,2,0,0,0,0,36,0,0,0,0,0,0,9,0,16,0,55,1,0,8,0,0,0,0,0,16,33,0,87,4,0,0,19,0,1,0,0,0,0,2,43,0,24,0,13,0,0,39,0,0,0,0,0,0,0,1,13,1,0,0,0,0,0,0,0,0,24,0,0,0,0,0,0,0,5,3
0,52,48,0,4,0,0,5,11,0,2,0,0,0,0,0,0,0,1,0,0,0,7,0,4,0,0,15,0,0,0,0,0,0,0,18,0,0,0,0,0,0,2,0,5,0,34,1,0,10,0,0,0,0,0,24,635,0,28,5,0,0,19,0,1,0,0,0,0,3,3,0,0,0,3287,0,0,647,0,0,0,0,0,0,0,0,2,1,0,0,0,0,0,0,0,0,9,0,0,0,0,0,0,0,3,1
0,18,9,0,2,0,0,3,2,0,2,0,0,0,0,0,0,0,0,0,0,0,2,0,2,0,0,4,0,0,0,0,0,0,0,15,0,0,0,0,0,0,6,0,3,0,44,0,0,8,0,0,0,0,0,13,19,0,29,2,0,0,7,0,0,0,0,0,0,0,1,0,0,0,21,0,0,15,0,0,0,0,0,0,0,0,2,0,0,0,0,0,0,0,0,0,10,0,0,0,0,0,0,0,0,28
0,52,106,0,6,1,0,2,11,0,2,0,0,0,0,0,0,0,1,0,0,0,86,0,6,0,0,57,0,0,0,0,0,0,0,34,0,0,0,0,0,0,4,0,6,0,62,1,0,16,0,0,0,0,0,24,657,0,69,7,27,0,19,0,0,0,0,0,0,1,20,0,0,0,3297,0,0,796,0,0,0,0,0,0,0,1,3,0,0,0,0,0,0,0,0,0,33,0,0,0,0,0,0,0,1,4
0,52,108,0,6,1,0,2,13,0,2,0,0,0,0,0,0,0,1,0,0,0,84,0,5,0,0,62,0,0,0,0,0,0,0,36,0,0,0,0,0,0,4,0,6,0,66,2,0,16,0,0,0,0,0,24,764,0,69,7,89,0,21,0,1,0,0,0,0,1,21,0,0,0,3299,0,0,845,0,0,0,0,0,0,0,1,3,1,0,0,0,0,0,0,0,0,34,0,0,0,0,0,0,0,1,5
0,50,87,0,4,1,0,3,16,0,2,0,0,0,0,0,0,0,0,0,0,0,59,0,3,0,0,45,0,0,0,0,0,0,0,42,0,0,0,0,0,0,5,0,7,0,70,2,1,8,0,0,0,0,0,19,639,0,74,5,12,0,21,0,1,0,0,0,0,2,16,0,0,0,244,0,0,775,0,0,0,0,0,0,0,0,3,1,0,0,0,0,0,0,0,0,28,0,0,0,0,0,0,0,2,13
0,0,0,0,0,0,0,0,1017,0,503,0,846,9914,0,0,0,0,0,0,0,503,0,0,0,0,0,0,0,0,0,7606,0,0,0,0,0,0,0,0,0,0,0,8861,0,0,9556,0,0,0,0,105,0,0,53,0,1,0,0,32,0,4,0,12,0,0,0,0,0,12,58,0,0,0,2342,0,0,0,21053,0,0,0,31,1,0,0,0,0,0,8276,0,0,0,0,0,0,0,0,0,0,0,0,0,0,6975,1366
0,0,0,0,0,0,0,0,44,0,7,0,11,3643,0,0,0,0,0,0,0,7,0,0,0,0,0,0,0,0,0,1491,0,0,0,0,0,0,0,0,0,0,0,1383,0,0,1734,0,0,0,0,38,0,0,89,0,2,0,0,48,0,1,0,31,0,0,0,0,0,0,116,0,0,0,825,0,0,0,9574,0,0,0,325,0,0,0,0,0,0,4235,0,0,0,0,0,0,0,0,0,0,0,0,0,0,1978,290
0,0,0,0,96,0,52156,0,710,0,42,0,85,0,5012,0,0,0,0,0,0,0,42,0,0,0,0,205,0,0,0,13823,0,0,0,7214,0,0,0,0,0,3,1649,0,4664,0,4607,0,0,0,0,0,0,0,0,509,201,0,0,442,0,0,704,0,0,0,0,0,0,0,0,10,0,0,57272,0,0,0,10769,0,0,0,0,0,0,0,0,0,0,6956,0,0,0,28,0,0,0,0,0,0,0,0,0,0,63637,1075
0,0,3,0,683,1,20811,4,367,0,178,0,357,0,3615,0,0,0,0,0,0,0,178,0,0,0,0,10,0,1,0,651,0,0,0,1803,0,0,0,0,0,0,4,0,2122,0,5338,0,0,0,1,556,0,0,0,1038,489,0,0,675,0,0,9,0,0,0,0,0,0,492,0,530,0,0,2507,0,0,0,16218,1,0,0,0,0,0,0,0,0,0,9730,0,0,0,2728,0,0,5,0,0,0,0,1,0,0,3819,314
1,0,0,0,0,0,0,0,133,0,20,0,8,165,0,0,0,3,0,0,0,109,0,0,0,0,15,0,0,0,0,14,0,0,0,0,0,0,0,0,0,0,0,99,0,0,468,0,0,124,0,58,0,0,160,0,48,0,0,124,0,20,0,96,0,0,0,0,0,16,82,0,0,0,453,0,1,0,217,0,0,0,183,0,0,0,0,0,0,189,0,0,0,0,0,0,0,0,0,0,0,0,0,0,237,80
1,0,0,0,0,0,0,4,226,0,113,0,82,3003,0,0,0,4,0,1,0,24,0,0,0,0,0,0,0,0,0,12,0,0,0,0,0,0,0,0,0,0,0,1012,0,0,2015,0,0,0,0,50,0,1,130,0,5,0,0,116,0,33,0,6,0,0,0,0,0,2,70,0,0,0,1554,0,0,0,4715,0,0,0,47,0,0,0,0,0,0,4368,0,0,0,0,0,0,0,0,0,0,0,0,0,0,1335,158
1,0,0,0,0,0,0,0,0,0,0,0,0,0,0,0,0,0,0,0,0,0,0,0,0,0,0,0,0,0,0,0,0,0,0,0,0,0,0,0,0,0,0,0,0,0,0,0,0,0,0,0,0,0,0,0,0,0,0,0,0,0,0,0,0,0,0,0,0,0,0,0,0,0,0,0,0,0,0,0,0,0,0,0,0,0,0,0,0,0,0,0,0,0,0,0,0,0,0,0,0,0,0,0,0,1
1,0,0,0,0,0,0,2,658,0,76,0,159,1759,0,0,0,0,0,0,0,839,0,0,0,0,31,0,0,0,0,151,0,0,0,0,0,0,0,0,0,0,0,1389,0,0,3379,0,0,926,0,68,0,0,739,0,13,0,0,630,0,107,0,447,0,0,0,0,0,19,483,0,0,0,1076,0,0,0,2794,0,0,0,180,0,0,0,0,0,0,2089,0,0,0,0,0,0,0,0,0,0,0,0,0,0,1331,675
1,0,0,0,0,0,0,0,0,0,0,0,0,0,0,0,0,0,0,0,0,0,0,0,0,0,0,0,0,0,0,0,0,0,0,0,0,0,0,0,0,0,0,0,0,0,0,0,0,0,0,0,0,0,0,0,0,0,0,0,0,0,0,0,0,0,0,0,0,0,0,0,0,0,0,0,0,0,0,0,0,0,0,0,0,0,0,0,0,0,0,0,0,0,0,0,0,0,0,0,0,0,0,0,0,1
1,0,0,0,0,0,0,13,357,0,157,0,83,1339,0,0,0,0,0,0,0,43,0,0,0,0,0,0,0,0,0,9,0,0,0,0,0,0,0,0,0,0,0,968,0,0,3437,0,0,0,0,161,0,0,322,0,18,0,0,282,0,60,0,22,0,0,0,0,0,4,340,0,0,0,3187,0,0,0,1381,0,0,0,40,0,0,51,0,0,0,1103,0,0,0,0,0,0,0,0,0,0,0,0,0,0,1925,593
1,0,0,0,0,0,0,1,74,0,18,0,39,917,0,0,0,1,0,0,0,10,0,0,0,0,12,0,0,0,0,5,0,0,0,0,0,0,0,0,0,0,0,780,0,0,1741,0,0,0,0,203,0,0,60,0,47,0,0,51,0,1,0,22,0,0,0,0,0,13,45,0,0,0,1974,0,1,0,1542,0,0,0,180,0,0,0,0,0,0,1368,0,0,0,0,0,0,0,0,0,0,0,0,0,0,1174,425
1,0,0,0,0,0,0,0,4,0,0,0,1,3994,0,0,0,0,0,0,0,0,0,0,0,0,0,0,0,0,0,0,0,0,0,0,0,0,0,0,0,0,0,2439,0,0,12277,0,0,0,0,1126,0,0,0,0,0,0,0,4,0,0,0,0,0,0,0,0,0,0,0,0,0,0,17891,0,0,0,3747,0,0,0,15,0,0,0,0,0,0,2564,0,0,0,0,0,0,0,0,0,0,0,0,0,0,9977,21
1,0,0,0,0,0,0,3,205,0,70,0,171,2041,0,0,0,0,0,0,0,57,0,0,0,0,0,0,0,0,0,6,0,0,0,0,0,0,0,0,0,0,0,1076,0,0,3875,0,0,0,0,374,0,0,115,0,4,0,0,86,0,10,0,28,0,0,0,0,0,3,126,0,0,0,5011,0,0,0,2568,0,0,0,197,0,0,0,0,0,0,2180,0,0,0,0,0,0,0,0,0,0,0,0,0,0,2998,170
1,0,0,0,0,0,0,4,122,0,54,0,65,2987,0,0,0,0,0,0,0,26,0,0,0,0,0,0,0,0,0,5,0,0,0,0,0,0,0,0,0,0,0,868,0,0,1997,0,0,0,0,56,0,0,98,0,9,0,0,85,0,18,0,6,0,0,0,0,0,5,104,0,0,0,1449,0,0,0,4437,0,0,0,17,0,0,6,0,0,0,4012,0,0,0,0,0,0,0,0,0,0,0,0,0,0,1180,317
1,0,0,0,0,0,0,0,0,0,0,0,0,0,0,0,0,0,0,0,0,0,0,0,0,0,0,0,0,0,0,0,0,0,0,0,0,0,0,0,0,0,0,0,0,0,0,0,0,0,0,0,0,0,0,0,0,0,0,0,0,0,0,0,0,0,0,0,0,0,0,0,0,0,0,0,0,0,0,0,0,0,0,0,0,0,0,0,0,0,0,0,0,0,0,0,0,0,0,0,0,0,0,0,0,1
1,0,0,0,0,0,0,4,412,0,175,0,239,3077,0,0,0,0,0,1,0,107,0,0,0,0,0,0,0,0,0,62,0,0,0,0,0,0,0,0,0,0,0,2639,0,0,6982,0,0,0,0,357,0,0,157,0,14,0,0,133,0,51,0,19,0,0,0,0,0,0,120,0,0,0,7906,0,0,0,4255,0,0,0,77,0,0,26,0,0,0,3601,0,0,0,0,0,0,0,0,0,0,0,0,0,0,4644,433
1,0,0,0,0,0,0,30,377,0,77,0,105,3987,0,0,0,19,0,5,0,154,0,2,0,0,163,0,0,0,0,58,0,26,0,0,0,0,0,0,0,0,0,1595,0,0,5826,0,0,12,0,560,0,0,520,0,93,0,0,312,0,171,0,212,0,0,0,0,0,17,585,0,34,0,6048,0,2,0,5206,0,0,1,1026,0,0,52,0,0,0,4692,0,0,0,0,0,0,0,0,0,0,0,0,0,0,4043,303
1,0,0,0,0,0,0,0,9,0,1,0,3,406,0,0,0,0,0,0,0,1,0,0,0,0,0,0,0,0,0,27,0,0,0,0,0,0,0,0,0,0,0,401,0,0,152,0,0,0,0,29,0,0,21,0,3,0,0,15,0,0,0,6,0,0,0,0,0,2,28,0,0,0,122,0,0,0,158,0,0,0,64,0,0,0,0,0,0,82,0,0,0,0,0,0,0,0,0,0,0,0,0,0,89,13
1,0,0,0,0,0,4,19,490,3,193,0,140,2489,0,0,0,0,0,0,0,52,0,0,0,0,3,0,0,0,0,15,0,0,0,0,0,0,0,0,0,0,0,1468,0,0,4197,0,0,0,0,462,0,0,374,0,35,0,0,246,0,45,0,76,0,0,0,0,0,3,235,0,0,0,4019,0,0,0,3233,0,0,0,276,0,0,3,0,0,0,2798,0,0,3,0,3,0,0,0,0,0,0,0,0,0,2502,837
1,0,0,0,0,0,0,2,209,0,70,0,158,1695,0,0,0,46,0,24,0,59,0,0,0,0,48,0,0,0,0,94,0,0,0,0,0,0,0,0,0,0,0,1053,0,0,1634,0,0,0,0,21,0,1,32,0,5,0,0,24,0,15,0,53,0,0,0,0,0,0,48,0,0,0,2518,0,0,0,4472,0,0,0,12,0,0,77,0,0,0,2639,0,0,0,0,0,0,0,0,0,0,0,0,0,0,1201,148
1,0,0,0,0,0,0,1,24,0,10,0,14,4372,0,0,0,0,0,1,0,5,0,0,0,0,0,0,0,1,0,1,0,0,0,0,0,0,0,0,0,0,0,2025,0,0,8217,0,0,0,0,661,0,0,21,0,1,0,0,10,0,1,0,6,0,0,0,0,0,0,20,0,0,0,10969,0,0,0,3942,0,0,0,16,0,0,0,0,0,0,2806,0,0,0,0,0,0,0,0,0,0,0,0,0,0,6583,41
1,0,0,0,0,0,0,10,225,0,80,0,114,1280,0,0,0,2,0,0,0,55,0,0,0,0,17,0,0,0,0,38,2,0,0,0,0,0,0,0,0,0,0,1169,0,0,2570,0,0,26,0,193,0,1,225,0,304,0,0,155,0,24,0,81,0,0,0,0,0,53,141,0,0,0,2573,0,1,0,1344,0,0,0,322,0,0,0,0,0,0,1176,2,0,0,0,0,0,0,0,0,0,0,0,0,0,1506,257
1,0,0,0,0,0,0,0,2,0,2,0,2,3,0,0,0,0,0,0,0,1,0,0,0,0,0,0,0,0,0,2,0,0,0,0,0,0,0,0,0,0,0,2,0,0,24,0,0,0,0,0,0,0,0,0,0,0,0,0,0,0,0,0,0,0,0,0,0,0,0,0,0,0,0,0,0,0,3,0,0,0,0,0,0,0,0,0,0,1,0,0,0,0,0,0,0,0,0,0,0,0,0,0,3,8
1,0,0,0,0,0,0,1,327,0,89,0,134,1233,0,0,0,5,0,0,0,98,0,0,0,0,39,0,0,0,0,23,0,4,0,0,0,0,0,0,0,0,0,958,0,0,2209,0,0,26,0,190,0,0,339,0,57,0,0,243,0,29,0,121,0,0,0,0,0,15,350,0,0,0,2155,0,1,0,2115,0,0,0,511,0,0,0,0,0,0,1848,0,0,0,0,0,0,0,0,0,0,0,0,0,0,1342,458
1,0,0,0,0,0,0,0,185,0,33,0,68,3270,0,0,0,0,0,0,0,17,0,0,0,0,0,0,0,0,0,47,0,0,0,0,0,0,0,0,0,0,0,879,0,0,2446,0,0,0,0,195,0,0,190,0,1,0,0,27,0,16,0,92,0,0,0,0,0,1,141,0,0,0,2594,0,0,0,4892,0,0,0,65,0,0,0,0,0,0,4482,0,0,0,0,0,0,0,0,0,0,0,0,0,0,1905,866
1,0,0,0,0,0,0,11,335,0,117,0,75,920,0,0,0,23,0,9,0,155,0,33,0,0,146,0,0,7,0,37,2,22,0,0,0,0,0,0,0,0,0,807,0,0,2313,0,0,30,0,513,0,1,395,0,517,0,0,284,0,159,0,107,0,0,0,0,0,35,407,0,76,0,2003,0,4,0,1756,0,7,0,1174,1,0,0,0,0,0,1512,2,0,0,0,0,0,0,0,0,0,0,0,7,0,1184,606
1,0,0,0,0,0,0,0,30,0,0,0,0,20,0,0,0,6,0,0,0,0,0,0,0,0,0,0,0,0,0,1,0,0,0,0,0,0,0,0,0,0,0,20,0,0,106,0,0,0,0,0,0,0,100,0,2,0,0,69,0,14,0,30,0,0,0,0,0,2,136,0,0,0,6,0,0,0,0,0,0,0,96,0,0,0,0,0,0,0,0,0,0,0,0,0,0,0,0,0,0,0,0,0,0,0
1,0,0,0,0,0,32,5,142,0,30,0,46,507,0,0,0,3,0,0,0,14,0,0,0,0,11,0,0,0,0,5,0,0,0,0,0,0,0,0,0,0,0,357,0,0,1343,0,0,0,0,215,0,0,172,0,51,0,0,113,0,23,0,63,0,0,0,0,0,10,167,0,0,0,1484,0,1,0,1054,0,0,0,371,1,0,0,0,0,0,930,0,0,0,0,0,0,0,0,0,0,0,0,0,0,889,106
1,0,0,0,0,0,0,8,197,0,78,0,41,411,0,0,0,1,0,2,0,20,0,0,0,0,12,0,0,0,0,9,0,0,0,0,0,0,0,0,0,0,0,407,0,0,1301,0,0,0,0,56,0,1,220,0,62,0,0,167,0,33,0,38,0,0,0,0,0,18,200,0,0,0,825,0,1,0,940,0,0,0,126,0,0,0,0,0,0,814,0,0,0,0,0,0,0,0,0,0,0,0,0,0,514,593
1,0,0,0,0,0,0,0,108,0,40,0,45,1872,0,0,0,1,0,0,0,14,0,0,0,0,11,0,0,0,0,8,0,0,0,0,0,0,0,0,0,0,0,597,0,0,1158,0,0,0,0,75,0,0,67,0,50,0,0,57,0,0,0,20,0,0,0,0,0,13,35,0,0,0,915,0,1,0,3605,0,0,0,368,1,0,5,0,0,0,3317,0,0,0,0,0,0,0,0,0,0,0,0,0,0,808,882
1,0,0,1,0,0,2,17,80,1,11,0,3,49,0,0,0,4,0,4,0,6,0,0,0,0,20,0,0,3,0,47,2,0,0,0,0,0,0,2,1,0,0,74,0,0,344,0,0,26,0,34,0,1,167,0,310,0,0,110,0,56,0,72,0,0,0,0,1,59,52,0,0,0,171,0,1,0,14,0,1,0,119,0,0,0,0,0,1,10,2,0,2,0,2,0,0,0,0,0,0,0,1,0,83,52
1,0,0,0,0,0,0,1,31,0,13,0,19,340,0,0,0,1,0,0,0,7,0,0,0,0,11,0,0,0,0,5,0,0,0,0,0,0,0,0,0,0,0,188,0,0,775,0,0,0,0,103,0,0,33,0,47,0,0,24,0,0,0,16,0,0,0,0,0,12,15,0,0,0,963,0,1,0,772,0,0,0,179,2,0,0,0,0,0,698,0,0,0,0,0,0,0,0,0,0,0,0,0,0,583,58
1,0,0,0,0,0,1,0,0,0,0,0,0,0,0,0,0,0,0,0,0,0,0,0,0,0,0,0,0,0,0,0,0,0,0,0,0,0,0,0,0,0,0,0,0,0,0,0,0,0,0,0,0,0,0,0,0,0,0,0,0,0,0,0,0,0,0,0,0,0,0,0,0,0,0,0,0,0,0,0,0,0,0,0,0,0,0,0,0,0,0,0,0,0,0,0,0,0,0,0,0,0,0,0,0,0
1,0,0,0,0,0,0,21,173,0,35,0,10,207,0,0,0,2,0,0,0,17,0,0,0,0,72,0,0,0,0,66,2,0,0,0,0,2,2,0,0,0,0,253,0,0,468,0,0,60,0,40,0,1,253,0,562,0,0,178,0,77,0,120,0,0,0,0,0,100,78,0,0,0,238,0,7,0,134,0,0,3,86,1,0,45,0,0,0,126,2,0,0,0,0,1,0,0,0,0,0,0,0,0,131,150
1,0,0,0,0,0,0,12,278,0,93,0,121,1569,0,0,0,7,0,1,0,98,0,0,0,0,59,0,0,0,0,32,2,5,0,0,0,0,0,0,0,0,0,1525,0,0,2904,0,0,46,0,287,0,1,290,0,349,0,0,222,0,38,0,109,0,0,0,0,0,112,146,0,0,0,3020,0,3,0,1220,0,0,2,203,1,0,1,0,0,0,1037,2,0,0,0,0,1,0,0,0,0,0,0,0,0,1713,287
1,0,0,0,0,0,0,13,143,0,34,0,26,3372,0,0,0,8,0,1,0,22,0,0,0,0,52,0,0,1,0,254,2,0,0,0,0,0,1,0,0,0,0,3007,0,0,1736,0,0,53,0,171,0,1,220,0,502,0,0,173,0,76,0,83,0,0,0,0,0,95,70,0,0,0,1509,0,5,0,2905,0,0,2,398,0,0,1,0,0,0,2850,2,0,0,0,0,1,0,0,0,0,0,0,0,0,1093,293
1,0,0,0,0,0,0,8,134,0,57,0,63,717,0,0,0,20,0,4,0,26,0,0,0,0,6,0,0,2,0,15,0,0,0,0,0,0,0,0,0,0,0,525,0,0,1247,0,0,0,0,222,0,0,133,0,68,0,0,116,0,37,0,12,0,0,0,0,0,7,157,0,0,0,2334,0,0,0,2238,0,2,0,399,1,0,0,0,0,0,2004,0,0,0,0,0,0,0,0,0,0,0,0,3,0,2418,529
1,0,0,0,0,0,0,0,218,0,99,0,225,2714,0,0,0,0,0,0,0,104,0,0,0,0,0,0,0,0,0,34,0,0,0,0,0,0,0,0,0,0,0,2079,0,0,3097,0,0,0,0,280,0,0,7,0,8,0,0,6,0,0,0,0,0,0,0,0,0,1,0,0,0,0,6063,0,0,0,3653,0,0,0,3,0,0,36,0,0,0,2973,0,0,0,0,0,0,0,0,0,0,0,0,0,0,6359,371
1,0,0,0,0,0,0,5,203,0,67,0,119,7353,0,0,0,4,0,4,0,54,0,0,0,0,4,0,0,0,0,872,0,0,0,0,0,0,0,0,0,0,0,6466,0,0,3231,0,0,0,0,721,0,0,147,0,30,0,0,91,0,93,0,41,0,0,0,0,0,2,136,0,0,0,5602,0,0,0,4384,0,0,0,76,0,0,1,0,0,1,3589,0,0,0,0,0,0,0,0,0,0,0,0,0,0,6368,365
1,0,0,0,0,0,0,6,275,0,35,0,35,2840,0,0,0,83,0,75,0,16,0,0,0,0,77,0,0,62,0,164,0,0,0,0,0,0,1,0,0,0,0,1851,0,0,3268,0,0,0,0,732,0,0,275,0,25,0,0,136,0,169,0,202,0,0,0,0,0,2,231,0,0,0,7581,0,1,0,5629,0,72,0,395,0,0,50,0,0,11,5069,0,0,0,0,0,1,0,0,0,0,0,0,72,0,8033,189
1,0,0,0,0,0,0,2,338,0,152,0,276,3217,0,0,0,0,0,2,0,129,0,0,0,0,1,0,0,1,0,70,0,0,0,0,0,0,0,0,0,0,0,2488,0,0,3675,0,0,0,0,310,0,1,83,0,5,0,0,64,0,38,0,14,0,0,0,0,0,0,78,0,0,0,5819,0,0,0,4280,0,0,0,79,0,0,6,0,0,0,3658,0,0,0,0,0,0,0,0,0,0,0,0,0,0,6101,447
1,0,0,0,0,0,0,2,179,0,70,0,185,6241,0,0,0,5,0,3,0,79,0,0,0,0,9,0,0,2,0,136,0,1,0,0,0,0,0,0,0,0,0,3135,0,0,3026,0,0,0,0,32,0,0,8,0,5,0,0,3,0,33,0,9,0,0,0,0,0,0,6,0,0,0,3100,0,0,0,6725,0,2,0,3,2,0,0,0,0,0,5072,0,0,0,0,0,0,0,0,0,0,0,0,2,0,4744,90
1,0,0,2,0,0,0,10,261,4,89,0,51,1194,0,0,0,6,0,3,0,27,0,0,0,0,5,0,0,3,0,44,0,0,0,0,0,0,0,4,2,0,0,712,0,0,2022,0,0,0,0,125,0,0,270,0,21,0,0,190,0,98,0,71,0,0,0,0,2,0,245,0,0,0,2496,0,0,0,1584,0,3,0,185,0,0,15,0,0,2,1372,0,0,6,0,6,0,0,0,0,0,0,0,3,0,2629,140
1,0,0,0,0,0,0,0,463,0,178,0,195,2763,0,0,0,23,0,7,0,154,0,0,0,0,100,0,0,4,0,12,0,15,0,0,0,0,0,0,0,0,0,1233,0,0,2521,0,0,0,0,87,0,0,283,0,2,0,0,235,0,81,0,68,0,0,0,0,0,2,280,0,0,0,2390,0,0,0,4742,0,4,0,197,0,0,0,0,0,0,4081,0,0,0,0,0,0,0,0,0,0,0,0,4,0,2512,362
1,0,0,0,0,0,0,15,210,0,59,0,97,1112,0,0,0,0,0,0,0,42,0,0,0,0,0,0,0,0,0,32,0,0,0,0,0,0,0,0,0,0,0,706,0,0,1391,0,0,0,0,156,0,0,326,0,17,0,0,234,0,24,0,71,0,0,0,0,0,2,433,0,0,0,1849,0,0,0,1627,0,0,0,434,0,0,0,0,0,0,1408,0,0,0,0,0,0,0,0,0,0,0,0,0,0,1974,205
1,0,0,0,0,0,0,0,50,0,24,0,74,6154,0,0,0,0,0,0,0,25,0,0,0,0,0,0,0,0,0,820,0,0,0,0,0,0,0,0,0,0,0,5505,0,0,3549,0,0,0,0,871,0,0,1,0,1,0,0,3,0,0,0,0,0,0,0,0,0,1,0,0,0,0,4519,0,0,0,3875,0,0,0,156,0,0,65,0,0,0,3256,0,0,0,0,0,0,0,0,0,0,0,0,0,0,4987,264
1,0,0,0,0,0,0,0,6,0,2,0,1,40,0,0,0,0,0,0,0,1,0,0,0,0,0,0,0,0,0,2,0,0,0,0,0,0,0,0,0,0,0,26,0,0,41,0,0,0,0,1,0,0,16,0,1,0,0,10,0,3,0,3,0,0,0,0,0,0,18,0,0,0,21,0,0,0,13,0,0,0,8,0,0,0,0,0,0,0,0,0,0,0,0,0,0,0,0,0,0,0,0,0,27,1
1,0,0,0,0,0,0,21,180,0,31,0,48,549,0,0,0,10,0,3,0,88,0,0,0,0,81,0,0,1,0,84,0,12,0,0,0,0,0,0,0,0,0,528,0,0,1356,0,0,24,0,141,0,0,326,0,101,0,0,198,0,162,0,116,0,0,0,0,0,7,398,0,18,0,1286,0,0,0,1138,0,0,0,723,1,0,0,0,0,0,1009,0,0,0,0,0,0,0,0,0,0,0,0,0,0,1343,332
1,0,0,0,0,0,0,0,114,0,0,0,0,56,0,0,0,22,0,0,0,0,0,0,0,0,0,0,0,0,0,36,0,0,0,0,0,0,0,0,0,0,0,56,0,0,379,0,0,0,0,0,0,0,351,0,3,0,0,234,0,47,0,112,0,0,0,0,0,0,474,0,0,0,6,0,0,0,0,0,0,0,234,0,0,4,0,0,0,0,0,0,0,0,0,0,0,0,0,0,0,0,0,0,0,11
1,0,0,0,0,0,0,0,800,0,308,0,342,3142,0,0,0,0,0,0,0,140,0,0,0,0,0,0,0,0,0,86,0,0,0,0,0,0,0,0,0,0,0,2798,0,0,4629,0,0,0,0,503,0,0,820,0,11,0,0,674,0,115,0,138,0,0,0,0,0,2,1010,0,0,0,8318,0,0,0,5195,0,0,0,668,0,0,1,0,0,0,4529,0,0,0,0,0,0,0,0,0,0,0,0,0,0,8716,973
1,0,0,0,0,0,0,0,194,0,93,0,189,2790,0,0,0,0,0,0,0,91,0,0,0,0,0,0,0,0,0,28,0,0,0,0,0,0,0,0,0,0,0,2223,0,0,3559,0,0,0,0,289,0,0,5,0,8,0,0,5,0,0,0,0,0,0,0,0,0,0,0,0,0,0,5973,0,0,0,3738,0,0,0,7,0,0,7,0,0,0,3175,0,0,0,0,0,0,0,0,0,0,0,0,0,0,6282,271
1,0,0,0,0,0,0,7,149,0,74,0,60,7250,0,0,0,0,0,0,0,24,0,0,0,0,3,0,0,0,0,975,0,0,0,0,0,0,0,0,0,0,0,6704,0,0,4051,0,0,0,0,751,0,0,60,0,16,0,0,53,0,4,0,3,0,0,0,0,0,0,0,0,0,0,5439,0,0,0,4201,0,0,0,297,0,0,0,0,0,0,3453,0,0,0,0,0,0,0,0,0,0,0,0,0,0,6005,219
1,0,0,0,0,0,0,27,609,0,201,0,252,5020,0,0,0,13,0,5,0,111,0,0,0,0,13,0,0,5,0,588,2,0,0,0,0,0,1,0,6,0,0,4497,0,0,6423,0,0,0,0,730,0,0,586,0,62,0,0,293,0,170,0,198,0,0,0,0,0,3,14696,0,0,0,6935,0,0,0,4831,0,4,0,977,3,0,6,0,0,10,4106,0,0,0,0,4,0,0,0,0,0,0,0,4,0,7447,744
1,0,0,0,0,0,0,0,265,0,123,0,287,3557,0,0,0,0,0,0,0,131,0,0,0,0,0,0,0,0,0,76,0,0,0,0,0,0,0,0,0,0,0,2850,0,0,4026,0,0,0,0,389,0,0,1,0,15,0,0,1,0,0,0,0,0,0,0,0,0,0,2,0,0,0,7707,0,0,0,4687,0,0,0,9,0,0,0,0,0,0,4043,0,0,0,0,0,0,0,0,0,0,0,0,0,0,8095,241
1,0,0,0,0,0,0,4,147,0,64,0,59,2322,0,0,0,0,0,1,0,25,0,0,0,0,1,0,0,0,0,13,0,0,0,0,0,0,0,0,0,0,0,2168,0,0,4593,0,0,0,0,851,0,0,146,0,21,0,0,123,0,7,0,22,0,0,0,0,0,4,156,0,0,0,13053,0,0,0,5445,0,0,0,105,0,0,1,0,0,0,4526,0,0,0,0,0,0,0,0,0,0,0,0,0,0,13723,633
1,0,0,0,0,0,0,0,269,0,92,0,197,2050,0,0,0,0,0,0,0,74,0,0,0,0,0,0,0,0,0,14,0,0,0,0,0,0,0,0,0,0,0,1236,0,0,2430,0,0,0,0,314,0,0,145,0,24,0,0,96,0,26,0,36,0,0,0,0,0,0,164,0,0,0,4790,0,0,0,3951,0,0,0,127,0,0,2,0,0,0,3485,0,0,0,0,0,0,0,0,0,0,0,0,0,0,5043,205
1,0,0,0,0,0,0,0,44,0,14,0,24,454,0,0,0,1,0,0,0,9,0,0,0,0,11,0,0,0,0,2,0,0,0,0,0,0,0,0,0,0,0,307,0,0,1222,0,0,0,0,245,0,0,31,0,44,0,0,28,0,0,0,15,0,0,0,0,0,10,19,0,0,0,1616,0,1,0,1334,0,0,0,144,1,0,0,0,0,0,1213,0,0,0,0,0,0,0,0,0,0,0,0,0,0,930,225
1,0,0,0,0,0,0,7,206,0,62,0,49,405,0,0,0,37,0,6,0,18,0,0,0,0,19,0,0,6,0,39,0,0,0,0,0,0,0,0,0,0,0,344,0,0,908,0,0,0,0,50,0,1,250,0,60,0,0,175,0,77,0,84,0,0,0,0,0,18,233,0,0,0,652,0,1,0,907,0,5,0,400,6,0,3,0,0,0,796,0,0,0,0,0,0,0,0,0,0,0,0,5,0,416,359
1,0,0,6,0,0,0,3,187,5,58,0,32,551,0,0,0,79,0,9,0,11,0,0,0,0,20,0,0,9,0,14,39,0,0,0,0,0,0,11,12,0,0,531,0,0,1203,0,0,0,0,100,0,1,365,0,74,0,0,338,0,145,0,57,0,0,0,0,0,27,532,0,0,0,1176,0,1,0,890,0,9,0,826,1,0,0,0,0,5,775,0,0,0,0,11,0,0,0,0,0,0,0,9,0,706,370
1,0,0,0,0,0,0,3,10,0,1,0,1,43,0,0,0,0,0,0,0,1,0,0,0,0,0,0,0,0,0,1,0,0,0,0,0,0,0,0,0,0,0,51,0,0,132,0,0,0,0,1,0,0,17,0,6,0,0,4,0,41,0,7,0,0,0,0,0,1,8,0,0,0,13,0,0,0,0,0,0,0,0,0,0,4,0,0,0,0,0,0,0,0,0,0,0,0,0,0,0,0,0,0,0,3
1,0,0,0,0,0,0,5,106,0,33,0,48,2133,0,0,0,4,0,4,0,15,0,0,0,0,14,0,0,0,0,20,0,0,0,0,0,0,0,0,0,0,0,662,0,0,1188,0,0,0,0,35,0,0,87,0,53,0,0,56,0,7,0,36,0,0,0,0,0,11,55,0,0,0,777,0,1,0,3729,0,3,0,175,0,0,5,0,0,0,3438,0,0,0,0,0,0,0,0,0,0,0,0,2,0,737,666
1,0,0,0,0,0,0,15,226,0,65,0,44,1007,0,0,0,2,0,0,0,15,0,0,0,0,11,0,0,0,0,85,0,0,0,0,0,0,0,0,0,0,0,689,0,0,1751,0,0,0,0,104,0,0,443,0,72,0,0,313,0,47,0,95,0,0,0,0,0,18,528,0,0,0,1215,0,1,0,2354,0,0,0,968,1,0,0,0,0,0,2166,0,0,0,0,0,0,0,0,0,0,0,0,0,0,803,598
1,0,0,0,0,0,0,0,800,0,354,0,308,4354,0,0,0,1,0,1,0,107,0,0,0,0,1,0,0,1,0,226,0,0,0,0,0,0,0,0,0,0,0,3040,0,0,6408,0,0,0,0,194,0,0,282,0,5,0,0,263,0,4,0,15,0,0,0,0,0,5,13,0,0,0,4961,0,0,0,5396,0,1,0,73,7,0,12,0,0,1,4552,0,0,0,0,0,0,0,0,0,0,0,0,1,0,3261,370
1,0,0,0,0,0,0,8,310,0,119,0,212,1824,0,0,0,1,0,0,0,89,0,0,0,0,12,0,0,0,0,33,0,0,0,0,0,0,0,0,0,0,0,1420,0,0,2097,0,0,0,0,200,0,1,207,0,58,0,0,151,0,21,0,56,0,4,0,0,0,10,219,0,0,0,1514,0,1,0,2840,0,0,0,264,0,0,52,0,0,0,2554,0,0,0,0,0,0,0,0,0,0,0,0,0,0,1165,741
1,0,0,0,0,0,0,0,47,0,25,0,15,311,0,0,0,1,0,0,0,6,0,0,0,0,11,0,0,0,0,5,0,0,0,0,0,0,0,0,0,0,0,187,0,0,378,0,0,0,0,13,0,0,73,0,56,0,0,55,0,6,0,15,0,0,0,0,0,14,68,0,0,0,320,0,1,0,457,0,0,0,231,0,0,0,0,0,0,406,0,0,0,0,0,0,0,0,0,0,0,0,0,0,205,96
1,0,0,0,0,0,1,8,115,0,38,0,27,311,0,0,0,2,0,3,0,12,0,0,0,0,13,0,0,2,0,19,0,0,0,0,0,0,0,0,0,0,0,272,0,0,820,0,0,20,0,42,0,0,138,0,61,0,0,97,0,17,0,44,0,0,0,0,0,46,39,0,0,0,668,0,1,0,450,0,1,0,86,0,0,0,0,0,0,385,0,0,0,0,0,0,0,0,0,0,0,0,1,0,407,150
1,0,0,0,0,0,40,9,151,0,37,0,33,565,0,0,0,5,0,3,0,12,0,0,0,0,13,0,0,1,0,14,0,0,0,0,0,0,0,0,0,0,0,327,0,0,1268,0,0,0,0,122,0,1,234,0,58,0,0,149,0,36,0,74,0,0,0,0,0,14,234,0,0,0,1159,0,1,0,1036,0,1,0,428,0,0,0,0,0,0,938,0,0,0,0,0,0,0,0,0,0,0,0,1,0,726,147
1,0,0,0,0,0,0,11,167,0,23,0,10,277,0,0,0,3,0,1,0,2,0,0,0,0,35,0,0,0,0,26,0,0,0,0,0,0,0,0,0,0,0,171,0,0,696,0,0,0,0,21,0,0,244,0,116,0,0,143,0,5,0,115,0,0,0,0,0,19,208,0,0,0,442,0,3,0,696,0,1,1,473,1,0,100,0,0,0,647,0,0,0,0,0,0,0,0,0,0,0,0,2,0,377,121
1,0,0,0,0,0,0,2,176,0,75,0,189,2224,0,0,0,0,0,0,0,71,0,0,0,0,0,0,0,0,0,19,0,0,0,0,0,0,0,0,0,0,0,1242,0,0,3981,0,0,0,0,469,0,0,42,0,5,0,0,33,0,7,0,10,0,0,0,0,0,1,46,0,0,0,5155,0,0,0,3685,0,0,0,159,1,0,2,0,0,0,3245,0,0,0,0,0,0,0,0,0,0,0,0,0,0,3076,225
1,0,0,0,0,0,0,0,0,0,0,0,0,13,0,0,0,0,0,0,0,0,0,0,0,0,0,0,0,0,0,0,0,0,0,0,0,0,0,0,0,0,0,7,0,0,32,0,0,0,0,2,0,0,0,0,0,0,0,0,0,0,0,0,0,0,0,0,0,0,0,0,0,0,36,0,0,0,28,0,0,0,0,0,0,0,0,0,0,18,0,0,0,0,0,0,0,0,0,0,0,0,0,0,24,3
1,0,0,0,0,0,0,0,92,0,26,0,54,1493,0,0,0,1,0,0,0,14,0,0,0,0,0,0,0,0,0,23,0,0,0,0,0,0,0,0,0,0,0,637,0,0,1589,0,0,0,0,115,0,0,104,0,4,0,0,14,0,1,0,43,0,0,0,0,0,2,98,0,0,0,1462,0,0,0,3043,0,0,0,61,0,0,0,0,0,0,2746,0,0,0,0,0,0,0,0,0,0,0,0,0,0,1046,1254
1,0,0,0,0,0,0,30,765,0,65,0,43,1213,0,0,0,2,0,1,0,19,0,0,0,0,2,0,0,1,0,83,0,0,0,0,0,0,0,0,0,0,0,490,0,0,1634,0,0,0,0,90,0,0,403,0,59,0,0,239,0,41,0,137,0,330,0,0,0,9,398,0,0,0,891,0,1,0,2737,0,1,0,709,1,0,2,0,0,0,2602,0,0,0,0,0,0,0,0,0,0,0,0,1,26,733,460
1,0,0,0,0,0,0,2,36,0,8,0,4,36,0,0,0,1,0,0,0,1,0,0,0,0,11,0,0,0,0,10,0,0,0,0,0,0,0,0,0,0,0,36,0,0,111,0,0,0,0,0,0,0,51,0,51,0,0,32,0,7,0,24,0,0,0,0,0,6,43,0,0,0,33,0,1,0,12,0,0,0,75,0,0,0,0,0,0,6,0,0,0,0,0,0,0,0,0,0,0,0,0,0,27,59
1,0,0,0,0,0,0,0,0,0,0,0,0,0,0,0,0,0,0,0,0,0,0,0,0,0,0,0,0,0,0,0,0,0,0,0,0,0,0,0,0,0,0,0,0,0,0,0,0,0,0,0,0,0,0,0,0,0,0,0,0,0,0,0,0,0,0,0,0,0,0,0,0,0,0,0,0,0,0,0,0,0,0,0,0,0,0,0,0,0,0,0,0,0,0,0,0,0,0,0,0,0,0,0,0,1
1,0,0,0,0,0,0,2,106,0,43,0,39,618,0,0,0,1,0,0,0,19,0,0,0,0,11,0,0,0,0,7,0,0,0,0,0,0,0,0,0,0,0,612,0,0,1265,0,0,0,0,174,0,0,120,0,70,0,0,94,0,0,0,18,0,0,0,0,0,19,118,0,0,0,1464,0,1,0,1025,0,0,0,437,0,0,0,0,0,0,911,0,0,0,0,0,0,0,0,0,0,0,0,0,0,830,196
1,0,0,0,0,0,0,4,301,0,73,0,43,767,0,0,0,32,0,0,0,19,0,0,0,0,11,0,0,0,0,40,0,0,0,0,0,0,0,0,0,0,0,504,0,0,2094,0,0,0,0,133,0,0,540,0,57,0,0,374,0,98,0,157,0,0,0,0,0,17,630,0,0,0,1920,0,1,0,1007,0,0,0,455,0,0,24,0,0,0,861,0,0,0,0,0,0,0,0,0,0,0,0,0,0,1164,193
1,0,0,0,0,0,0,0,46,0,0,0,0,34,0,0,0,31,0,7,0,183,0,20,0,0,210,0,0,0,0,6,0,35,0,0,0,0,0,0,0,0,0,35,0,0,145,0,0,0,0,0,0,1,17,0,1,0,0,16,0,104,0,52,0,0,0,0,0,5,92,0,45,0,11,0,0,0,0,0,0,0,4,0,0,0,0,0,0,0,0,0,0,0,0,0,0,1,0,0,0,0,0,0,0,0
